"","longitude","latitude","eventDate"
"1",-121.674649,37.770104,2023-01-03
"2",-122.71764,38.370383,2023-01-06
"3",-120.093077,34.427571,2023-01-06
"4",-121.038325,35.484613,2023-01-05
"5",-120.107013,34.541812,2023-01-12
"6",-115.607527,30.807374,2023-01-11
"7",-120.09045,34.400884,2023-01-16
"8",-121.865794,37.506666,2023-01-12
"9",-122.513324,37.931773,2023-01-09
"10",-122.723861,38.200099,2022-01-03
"11",-120.073729,34.443632,2022-01-05
"12",-120.013149,34.493206,2022-01-05
"13",-122.409167,37.636533,2022-01-28
"14",-115.878666,31.18102,2022-01-25
"15",-122.441774,38.212678,2022-01-04
"16",-119.60655,34.5181,2022-01-04
"17",-122.405426,38.585167,2022-01-19
"18",-122.407312,38.428824,2022-01-19
"19",-122.535352,37.841149,2022-02-03
"20",-122.55869,37.964265,2022-02-03
"21",-121.526126,36.338053,2022-02-05
"22",-120.181834,34.476694,2022-02-07
"23",-121.44173,36.376502,2022-02-05
"24",-120.053717,34.576917,2022-02-08
"25",-120.073422,34.591986,2022-02-09
"26",-122.567896,38.369804,2022-02-09
"27",-120.085546,34.487494,2022-02-10
"28",-123.555342,38.610922,2022-02-17
"29",-122.514464,37.94957,2022-02-18
"30",-122.506963,37.813994,2022-02-18
"31",-121.509777,36.645931,2022-02-22
"32",-121.562682,37.091257,2022-02-21
"33",-121.491166,37.1152,2022-02-21
"34",-122.205062,37.152127,2022-02-27
"35",-122.344369,37.307843,2022-02-04
"36",-122.394517,37.337184,2022-02-04
"37",-122.72124,37.918708,2022-02-09
"38",-122.269432,37.11905,2022-03-08
"39",-122.195586,37.238792,2022-03-04
"40",-122.627283,38.139206,2022-03-10
"41",-122.144247,37.001276,2022-03-16
"42",-115.970186,31.197143,2022-03-18
"43",-122.490481,37.991928,2022-03-23
"44",-122.043411,36.805714,2022-03-26
"45",-122.570588,37.861225,2022-03-26
"46",-122.402889,37.852933,2022-03-26
"47",-122.531846,37.864045,2022-03-26
"48",-122.630764,38.344759,2022-03-27
"49",-121.038926,36.407536,2022-03-26
"50",-120.381278,34.813331,2022-03-28
"51",-122.511995,38.339624,2022-03-29
"52",-122.16239,37.938875,2022-03-20
"53",-122.726772,38.130946,2022-03-15
"54",-121.754718,37.300099,2022-03-31
"55",-122.004456,37.969261,2022-04-01
"56",-122.10697,37.870652,2022-04-01
"57",-121.143838,36.406946,2022-04-02
"58",-122.088876,36.863643,2022-04-03
"59",-115.610133,30.809856,2022-04-04
"60",-115.67793,30.804107,2022-04-04
"61",-122.085882,36.98899,2022-04-05
"62",-121.956927,37.487702,2022-04-04
"63",-115.629733,30.969314,2022-04-05
"64",-122.878575,38.03891,2022-04-05
"65",-121.832406,36.479092,2022-04-06
"66",-115.766164,30.976349,2022-04-06
"67",-122.163601,36.998478,2022-04-07
"68",-115.710404,30.888693,2022-04-05
"69",-122.123985,36.976533,2022-04-14
"70",-122.468447,37.821299,2022-04-15
"71",-122.594454,38.391058,2022-04-12
"72",-122.121774,36.976839,2022-04-05
"73",-122.137047,37.879673,2022-04-17
"74",-122.064307,37.869914,2022-04-17
"75",-121.175272,36.414719,2022-04-15
"76",-121.104531,36.409886,2022-04-15
"77",-120.737323,35.191281,2022-04-18
"78",-120.607891,35.31196,2022-04-18
"79",-121.587989,37.067734,2022-04-16
"80",-122.443901,38.386285,2022-04-19
"81",-121.740606,36.827463,2022-04-20
"82",-115.799516,30.989648,2022-04-06
"83",-120.191219,34.595412,2022-04-25
"84",-121.903725,37.823237,2022-04-30
"85",-120.666243,35.368673,2022-04-30
"86",-121.627763,37.252809,2022-04-02
"87",-115.747711,30.958737,2022-04-04
"88",-115.688204,30.942908,2022-04-05
"89",-122.086788,36.874247,2022-05-02
"90",-115.788338,30.830058,2022-05-03
"91",-115.65766,30.883051,2022-05-03
"92",-122.413019,37.998764,2022-05-03
"93",-115.601022,30.891532,2022-05-04
"94",-122.051219,36.809306,2022-05-05
"95",-115.740199,30.975993,2022-05-02
"96",-115.750208,30.994575,2022-05-02
"97",-115.713039,30.967322,2022-05-02
"98",-115.699745,30.891697,2022-05-03
"99",-121.635447,36.959199,2022-05-11
"100",-121.311701,37.140773,2022-05-11
"101",-122.132317,38.497607,2022-05-12
"102",-122.103937,38.498983,2022-05-12
"103",-121.618978,36.590978,2022-05-15
"104",-122.514762,37.899813,2022-05-15
"105",-122.519597,38.287976,2022-05-18
"106",-122.099075,36.857343,2022-05-23
"107",-122.197107,36.85487,2022-05-24
"108",-121.307055,37.18807,2022-05-28
"109",-120.607381,35.531494,2022-05-29
"110",-122.324766,37.470379,2022-05-30
"111",-121.918356,36.404267,2022-06-01
"112",-115.552857,30.91262,2022-06-02
"113",-119.934691,34.444208,2022-06-05
"114",-122.142849,36.930172,2022-06-07
"115",-115.520921,30.979503,2022-06-01
"116",-115.405853,30.935071,2022-06-01
"117",-121.808593,37.581175,2022-06-09
"118",-122.526566,38.297104,2022-06-08
"119",-119.941049,34.504713,2022-06-09
"120",-122.415993,37.694884,2022-06-15
"121",-120.670341,39.06758,2022-06-18
"122",-122.489152,37.815658,2022-06-22
"123",-122.480759,37.609464,2022-06-19
"124",-122.482092,37.788502,2022-06-19
"125",-115.625134,30.86814,2022-06-25
"126",-115.764657,30.928756,2022-06-25
"127",-115.675866,30.80416,2022-06-25
"128",-115.613481,30.810001,2022-06-26
"129",-115.660734,30.882681,2022-06-25
"130",-115.773954,30.820273,2022-06-27
"131",-115.759381,30.837001,2022-06-25
"132",-121.589027,37.697043,2022-06-25
"133",-115.681684,30.826178,2022-06-25
"134",-115.720969,30.907413,2022-06-24
"135",-115.776748,30.898517,2022-06-25
"136",-115.785432,30.883892,2022-06-24
"137",-119.428407,37.778958,2022-06-14
"138",-121.630263,37.365056,2022-06-28
"139",-121.6991,37.547134,2022-06-07
"140",-122.427924,37.519808,2022-07-02
"141",-122.583179,37.454895,2022-07-08
"142",-122.483485,37.447221,2022-07-08
"143",-122.562779,37.570991,2022-07-08
"144",-122.482947,37.54018,2022-07-08
"145",-122.485528,37.419498,2022-07-08
"146",-121.827054,36.599743,2022-07-09
"147",-119.496101,37.683618,2022-07-10
"148",-122.383201,37.589546,2022-07-11
"149",-122.55949,38.333945,2022-07-12
"150",-122.433366,37.864091,2022-07-13
"151",-122.352252,37.447018,2022-07-14
"152",-122.323575,37.559178,2022-07-14
"153",-120.468855,38.628757,2022-07-19
"154",-121.859418,36.534975,2022-07-13
"155",-122.225224,37.570301,2022-07-21
"156",-122.328156,37.413163,2022-07-10
"157",-121.115849,36.414973,2022-07-23
"158",-120.895914,35.374946,2022-07-25
"159",-122.547278,37.223879,2022-07-30
"160",-122.418397,37.309523,2022-07-29
"161",-122.207005,37.277106,2022-07-30
"162",-122.40522,37.710654,2022-07-12
"163",-122.213677,37.436208,2022-08-05
"164",-122.444545,38.229922,2022-08-06
"165",-122.545794,38.272154,2022-08-04
"166",-122.486576,38.331295,2022-08-06
"167",-122.935421,38.180992,2022-08-04
"168",-122.575582,38.215918,2022-08-09
"169",-122.49495,37.86068,2022-08-11
"170",-122.922962,38.164666,2022-08-19
"171",-122.422776,37.74264,2022-08-20
"172",-122.25146,37.516228,2022-08-22
"173",-122.483225,37.702552,2022-08-27
"174",-115.614081,30.871867,2022-08-03
"175",-122.479989,38.209912,2022-08-02
"176",-115.604773,30.955151,2022-08-02
"177",-115.790457,30.966623,2022-08-03
"178",-121.872683,36.437416,2022-09-01
"179",-121.616599,37.603591,2022-09-01
"180",-122.072909,37.655586,2022-09-01
"181",-122.529043,37.720352,2022-09-02
"182",-122.413821,37.835616,2022-09-02
"183",-122.134042,38.495991,2022-09-01
"184",-122.42753,37.406426,2022-09-04
"185",-122.240606,37.536002,2022-09-04
"186",-122.347743,37.423531,2022-09-04
"187",-122.517636,37.245727,2022-09-05
"188",-119.963519,34.700203,2022-09-09
"189",-118.843069,34.535454,2022-09-10
"190",-122.561237,37.894032,2022-09-14
"191",-121.771104,37.699443,2022-09-15
"192",-122.184407,37.928701,2022-09-17
"193",-122.18442,37.821088,2022-09-16
"194",-122.080788,37.968639,2022-09-17
"195",-122.052147,37.941724,2022-09-17
"196",-122.066208,37.829293,2022-09-17
"197",-122.142473,37.907926,2022-09-17
"198",-122.707566,38.328052,2022-09-19
"199",-122.13882,37.93431,2022-09-17
"200",-121.735265,37.293748,2022-09-27
"201",-122.692421,38.391684,2022-09-30
"202",-121.951744,37.909025,2022-09-29
"203",-121.602071,37.29532,2022-09-27
"204",-121.646993,37.293364,2022-09-27
"205",-121.084409,36.570915,2022-09-19
"206",-122.187635,37.992747,2022-10-05
"207",-122.136685,37.932126,2022-10-05
"208",-115.665328,30.841135,2022-10-09
"209",-115.794667,30.992022,2022-10-07
"210",-115.623049,30.851951,2022-10-07
"211",-122.496567,37.829057,2022-10-11
"212",-122.528716,37.96082,2022-10-11
"213",-122.1673,37.293415,2022-10-18
"214",-122.429661,37.867801,2022-10-18
"215",-122.491173,37.876365,2022-10-31
"216",-122.289193,37.748659,2022-10-14
"217",-120.332212,34.505318,2022-10-25
"218",-120.716215,35.071049,2022-11-03
"219",-122.630538,38.326854,2022-11-06
"220",-122.708952,38.2969,2022-11-06
"221",-122.665156,38.359252,2022-11-06
"222",-122.737124,38.247059,2022-11-06
"223",-122.721461,38.292359,2022-11-07
"224",-122.760191,38.387507,2022-11-07
"225",-122.676615,38.291824,2022-11-08
"226",-115.737907,30.809014,2022-11-09
"227",-122.793779,38.263667,2022-11-09
"228",-121.094596,36.430709,2022-11-09
"229",-122.667675,38.210854,2022-11-17
"230",-122.647881,38.346928,2022-11-22
"231",-115.623305,30.839219,2022-11-21
"232",-122.761737,38.001984,2022-11-20
"233",-122.761324,38.30131,2022-12-03
"234",-122.646924,38.318795,2022-12-03
"235",-122.790589,38.246304,2022-12-03
"236",-122.741616,38.374314,2022-12-03
"237",-122.664974,38.306945,2022-12-03
"238",-122.734914,38.261826,2022-12-03
"239",-122.778917,38.363316,2022-12-03
"240",-122.683227,38.2725,2022-12-03
"241",-122.716019,38.398435,2022-12-03
"242",-122.778082,38.3146,2022-12-03
"243",-122.646612,38.343537,2022-12-04
"244",-122.685416,38.287132,2022-12-04
"245",-122.722303,38.232421,2022-12-03
"246",-122.682169,38.270675,2022-12-04
"247",-122.697212,38.24498,2022-12-04
"248",-122.674067,38.259754,2022-12-04
"249",-122.773575,38.281353,2022-12-05
"250",-122.710724,38.364401,2022-12-08
"251",-122.737119,38.265952,2022-12-08
"252",-122.69509,38.300099,2022-12-04
"253",-122.748264,38.304273,2022-12-05
"254",-122.603911,38.262556,2022-12-03
"255",-122.691214,38.390795,2022-12-10
"256",-122.697003,38.303514,2022-12-04
"257",-122.679954,38.239092,2022-12-11
"258",-122.767139,38.278888,2022-12-11
"259",-121.538105,37.683136,2022-12-10
"260",-122.459127,37.780321,2022-12-17
"261",-120.057883,34.503144,2022-12-18
"262",-122.61299,38.274612,2022-12-23
"263",-122.67155,38.283548,2022-12-23
"264",-122.69513,38.214102,2022-12-26
"265",-122.746056,38.224353,2022-12-27
"266",-122.733106,38.397034,2022-12-27
"267",-122.720484,38.265748,2022-12-29
"268",-122.642918,38.383102,2022-12-29
"269",-120.12224,34.406898,2022-12-29
"270",-122.785354,38.232598,2022-12-30
"271",-122.710183,38.398889,2022-12-30
"272",-122.405395,37.487101,2022-12-27
"273",-121.86894,36.987425,2021-01-02
"274",-120.074392,34.561894,2021-01-25
"275",-115.88691,31.01105,2021-01-21
"276",-115.716128,30.988588,2021-01-26
"277",-115.962493,31.114812,2021-01-21
"278",-115.807453,31.14098,2021-02-01
"279",-122.779252,38.283081,2021-02-01
"280",-122.766442,38.307623,2021-02-01
"281",-122.240163,37.15318,2021-02-01
"282",-122.723427,38.33801,2021-02-01
"283",-122.790632,38.256856,2021-02-01
"284",-122.799069,37.837436,2021-02-07
"285",-119.411081,34.511009,2021-02-12
"286",-122.47063,37.676988,2021-02-21
"287",-122.842075,38.003849,2021-02-22
"288",-122.829581,38.005749,2021-02-22
"289",-121.797466,36.656697,2021-02-24
"290",-122.245158,37.272476,2021-02-05
"291",-122.498028,37.55378,2021-02-22
"292",-119.307664,34.404651,2021-03-02
"293",-121.666981,36.885317,2021-03-06
"294",-122.479949,37.920029,2021-03-06
"295",-120.168779,34.42265,2021-03-07
"296",-121.52433,37.690976,2021-03-09
"297",-120.688137,35.251872,2021-03-12
"298",-122.453483,37.448296,2021-03-14
"299",-122.540144,37.493321,2021-03-16
"300",-120.04121,34.576019,2021-03-17
"301",-121.429784,37.783987,2021-03-18
"302",-115.756931,30.990041,2021-03-21
"303",-121.88656,37.74694,2021-03-25
"304",-122.575012,37.830185,2021-03-26
"305",-121.331932,37.164137,2021-03-26
"306",-119.375594,34.461135,2021-03-31
"307",-122.781758,37.920004,2021-03-30
"308",-122.150611,36.804715,2021-04-05
"309",-122.560957,37.404157,2021-04-05
"310",-121.191539,36.493619,2021-04-09
"311",-122.234406,38.189624,2021-04-10
"312",-121.512549,36.737264,2021-04-10
"313",-121.83526,37.413394,2021-04-24
"314",-121.046816,35.771045,2021-04-26
"315",-121.633189,37.283227,2021-04-28
"316",-122.455681,37.526019,2021-04-26
"317",-121.806869,37.477579,2021-04-24
"318",-122.467759,37.784186,2021-05-22
"319",-121.659793,36.897468,2021-05-05
"320",-121.704495,37.801076,2021-05-07
"321",-122.185505,36.943361,2021-05-08
"322",-122.434756,37.534564,2021-05-11
"323",-122.592353,37.490772,2021-05-13
"324",-120.773193,35.328495,2021-05-13
"325",-121.631751,36.928228,2021-05-07
"326",-122.526662,37.646018,2021-05-17
"327",-122.363929,37.260406,2021-05-18
"328",-122.2659,37.375313,2021-05-18
"329",-122.276123,37.287931,2021-05-18
"330",-121.654666,37.766869,2021-05-23
"331",-121.660739,37.56671,2021-05-22
"332",-121.776686,37.41316,2021-05-22
"333",-121.727581,37.498249,2021-05-22
"334",-122.475582,38.254277,2021-05-24
"335",-122.583536,38.236747,2021-06-05
"336",-122.952505,38.13153,2021-06-05
"337",-121.632752,37.067477,2021-06-10
"338",-121.870098,37.988803,2021-06-15
"339",-122.669643,38.223535,2021-06-18
"340",-122.474441,37.465608,2021-06-19
"341",-115.48433,30.830517,2021-06-15
"342",-122.916239,38.170522,2021-06-20
"343",-115.535284,30.852385,2021-06-15
"344",-115.506656,30.846106,2021-06-16
"345",-121.769117,36.943578,2021-06-22
"346",-121.001929,36.736542,2021-06-25
"347",-122.48465,37.959616,2021-07-02
"348",-122.46841,37.525965,2021-07-03
"349",-122.185271,36.894835,2021-07-07
"350",-120.151243,34.551552,2021-07-09
"351",-122.071018,36.839515,2021-07-07
"352",-122.492235,37.492487,2021-07-18
"353",-122.41867,37.545212,2021-07-18
"354",-122.518365,37.433289,2021-07-17
"355",-122.161382,36.883497,2021-07-20
"356",-122.387325,37.388985,2021-07-23
"357",-122.093345,36.842637,2021-07-06
"358",-122.082918,36.944904,2021-07-06
"359",-123.091041,38.236654,2021-08-07
"360",-122.405091,37.436537,2021-08-15
"361",-122.516121,37.445344,2021-08-15
"362",-122.587409,37.934095,2021-08-17
"363",-122.539328,37.709205,2021-08-22
"364",-121.864207,36.376235,2021-08-23
"365",-121.136048,36.588198,2021-08-23
"366",-121.112147,36.464043,2021-09-26
"367",-121.998031,36.464253,2021-09-01
"368",-121.987593,36.569308,2021-09-02
"369",-121.900311,36.422919,2021-09-02
"370",-117.275969,33.481453,2021-09-02
"371",-122.572139,37.975771,2021-09-05
"372",-123.560229,38.783241,2021-09-12
"373",-123.419717,38.633297,2021-09-12
"374",-123.567991,38.61388,2021-09-12
"375",-123.570844,38.662941,2021-09-12
"376",-123.441303,38.74601,2021-09-12
"377",-122.576665,38.284442,2021-09-14
"378",-122.492774,38.258212,2021-09-14
"379",-120.119387,34.482018,2021-09-26
"380",-120.184994,34.442703,2021-09-26
"381",-120.104362,34.587938,2021-09-26
"382",-121.063321,36.574839,2021-09-25
"383",-115.965556,31.0847,2021-10-28
"384",-121.897333,36.498881,2021-10-02
"385",-122.779195,37.846612,2021-10-01
"386",-120.054224,34.491807,2021-10-06
"387",-122.717063,38.067707,2021-10-12
"388",-122.627323,38.009258,2021-10-21
"389",-121.752723,36.86392,2021-10-23
"390",-121.709442,36.937343,2021-10-23
"391",-120.096042,34.484527,2021-10-27
"392",-121.866541,36.442232,2021-11-04
"393",-122.457489,37.454828,2021-11-05
"394",-122.471316,37.461193,2021-11-05
"395",-122.503225,37.897283,2021-11-09
"396",-122.633017,38.239772,2021-11-08
"397",-122.786426,37.821721,2021-11-14
"398",-120.743854,35.271376,2021-11-15
"399",-120.758981,34.728699,2021-11-15
"400",-122.697432,38.215554,2021-11-15
"401",-118.950909,34.18857,2021-11-15
"402",-115.77005,30.995513,2021-11-08
"403",-115.778729,30.918414,2021-11-08
"404",-121.141333,36.441474,2021-11-03
"405",-121.116539,36.55496,2021-12-10
"406",-115.647987,30.916622,2021-12-07
"407",-122.670099,38.304767,2021-12-22
"408",-122.687783,38.304098,2021-12-22
"409",-121.904595,37.544587,2021-12-17
"410",-120.107,34.406734,2020-01-03
"411",-122.727587,38.22572,2020-01-24
"412",-122.642702,38.37389,2020-01-25
"413",-122.407647,37.967884,2020-01-18
"414",-122.084781,37.99708,2020-02-01
"415",-121.183812,36.521182,2020-02-02
"416",-115.697896,30.834393,2020-02-06
"417",-122.37249,37.342863,2020-02-08
"418",-121.153497,36.706802,2020-02-15
"419",-122.277681,37.326881,2020-02-08
"420",-122.569808,37.599892,2020-02-15
"421",-115.754461,30.944839,2020-02-04
"422",-122.112111,37.99194,2020-03-04
"423",-115.6436,30.865973,2020-03-05
"424",-115.711592,30.922276,2020-03-05
"425",-115.6688,30.947181,2020-03-05
"426",-115.743543,30.814954,2020-03-05
"427",-115.624985,30.818501,2020-03-05
"428",-115.693497,30.981305,2020-03-05
"429",-115.686057,30.899465,2020-03-05
"430",-115.710176,30.812098,2020-03-05
"431",-115.617266,30.997296,2020-03-05
"432",-115.629874,30.945506,2020-03-05
"433",-115.709061,30.887755,2020-03-05
"434",-115.718522,30.84894,2020-03-05
"435",-115.756343,30.854586,2020-03-03
"436",-115.625933,30.821949,2020-03-03
"437",-115.879164,31.074472,2020-03-07
"438",-115.924823,31.053526,2020-03-07
"439",-122.161091,37.970691,2020-03-06
"440",-122.7268,38.463249,2020-03-11
"441",-120.149892,34.470044,2020-03-12
"442",-123.650261,39.200559,2020-03-16
"443",-120.002834,34.40312,2020-03-20
"444",-115.667243,30.881428,2020-03-25
"445",-115.691587,30.948292,2020-03-25
"446",-116.097105,30.951073,2020-03-25
"447",-115.746962,30.902734,2020-03-25
"448",-115.66665,30.873142,2020-03-25
"449",-115.74202,30.908487,2020-03-25
"450",-121.155994,36.630372,2020-03-29
"451",-115.656258,30.882285,2020-03-25
"452",-115.673888,30.880437,2020-03-25
"453",-122.120525,36.999085,2020-03-30
"454",-121.815336,37.432221,2020-03-13
"455",-121.789517,37.800181,2020-03-31
"456",-121.616364,37.887249,2020-03-31
"457",-121.102766,36.410024,2020-03-07
"458",-122.669493,37.9176,2020-04-01
"459",-122.114831,37.803783,2020-04-08
"460",-122.185577,37.98117,2020-04-08
"461",-121.608917,37.820175,2020-04-08
"462",-122.089008,37.988716,2020-04-08
"463",-120.513475,38.710002,2020-04-13
"464",-122.474195,37.788891,2020-04-14
"465",-122.510297,38.246407,2020-04-16
"466",-115.715022,30.964668,2020-04-20
"467",-115.644931,30.829289,2020-04-21
"468",-122.024551,37.943199,2020-04-24
"469",-122.407033,37.558669,2020-04-10
"470",-120.060194,34.458506,2020-04-25
"471",-122.056874,37.642716,2020-04-25
"472",-122.568941,37.413707,2020-04-25
"473",-122.587691,37.801614,2020-04-26
"474",-115.7396,30.808659,2020-04-27
"475",-115.668082,30.90592,2020-04-26
"476",-115.769776,30.811734,2020-04-27
"477",-122.530676,37.692814,2020-05-04
"478",-122.038865,37.947588,2020-05-06
"479",-122.157525,37.949457,2020-05-07
"480",-122.152045,37.848399,2020-05-07
"481",-122.029611,37.810321,2020-05-07
"482",-121.103106,36.565117,2020-05-10
"483",-120.439299,34.65515,2020-05-13
"484",-120.764084,35.362678,2020-05-13
"485",-120.771068,35.384793,2020-05-13
"486",-120.080795,34.51712,2020-05-19
"487",-121.556498,37.73433,2020-05-19
"488",-121.920602,37.895617,2020-05-30
"489",-122.425794,37.563789,2020-05-19
"490",-119.941185,34.961445,2020-05-16
"491",-121.808086,37.877489,2020-06-01
"492",-121.883159,37.822161,2020-06-01
"493",-122.029566,36.916927,2020-06-02
"494",-122.159976,36.828756,2020-06-09
"495",-120.504678,34.524052,2020-06-11
"496",-121.110815,36.619897,2020-06-10
"497",-123.613674,38.848222,2020-06-13
"498",-121.796675,37.946075,2020-06-17
"499",-123.521658,38.761637,2020-06-21
"500",-121.054077,36.720496,2020-06-26
"501",-120.043766,34.400124,2020-06-27
"502",-120.071451,34.500876,2020-06-28
"503",-122.275457,37.033655,2020-06-22
"504",-122.515851,37.47845,2020-06-09
"505",-121.714423,37.962089,2020-07-07
"506",-122.689099,38.43093,2020-07-08
"507",-121.601331,37.972909,2020-07-16
"508",-121.727142,37.862923,2020-07-19
"509",-121.497292,37.014246,2020-07-25
"510",-122.406853,37.949509,2020-07-21
"511",-122.530068,37.417671,2020-07-31
"512",-115.776243,30.811025,2020-07-27
"513",-115.758194,30.97881,2020-07-26
"514",-115.720888,30.818816,2020-07-26
"515",-115.644559,30.964524,2020-07-26
"516",-115.764434,30.834689,2020-07-26
"517",-115.791554,30.876645,2020-07-27
"518",-115.643515,30.9542,2020-07-27
"519",-115.68076,30.842936,2020-07-27
"520",-115.700914,30.854756,2020-07-27
"521",-115.794136,30.868647,2020-07-27
"522",-115.796494,30.852916,2020-07-28
"523",-115.665388,30.921835,2020-07-28
"524",-122.529775,37.536033,2020-07-08
"525",-122.43262,37.572444,2020-07-08
"526",-122.562845,37.923954,2020-08-22
"527",-121.772058,37.827773,2020-08-01
"528",-121.644017,37.978692,2020-08-09
"529",-120.79052,39.139554,2020-08-12
"530",-120.756101,39.106112,2020-08-12
"531",-122.730778,38.386272,2020-08-21
"532",-121.111687,35.700249,2020-08-10
"533",-121.104061,36.621306,2020-08-28
"534",-116.600782,33.111459,2020-08-28
"535",-116.760467,33.028558,2020-08-28
"536",-121.954172,37.97847,2020-08-29
"537",-122.462659,37.945021,2020-08-13
"538",-122.856378,38.238645,2020-09-01
"539",-121.159396,36.630982,2020-09-15
"540",-119.537733,34.495924,2020-09-17
"541",-122.979251,38.106602,2020-09-20
"542",-122.186175,36.862836,2020-09-16
"543",-122.636737,38.263454,2020-09-22
"544",-122.536825,37.993407,2020-09-18
"545",-122.579628,38.236284,2020-09-22
"546",-122.560596,38.230711,2020-09-22
"547",-122.501616,38.262158,2020-09-22
"548",-122.46661,38.313466,2020-09-22
"549",-122.578616,37.855331,2020-09-24
"550",-122.056945,37.650413,2020-09-12
"551",-120.661136,35.359414,2020-09-25
"552",-122.536122,37.857805,2020-09-18
"553",-122.582575,37.56141,2020-09-26
"554",-121.913126,37.138607,2020-10-03
"555",-122.446166,37.655903,2020-10-11
"556",-121.880417,36.571,2020-10-12
"557",-118.65087,34.104531,2020-10-17
"558",-121.192521,36.779975,2020-10-23
"559",-115.994039,31.096171,2020-10-23
"560",-122.005095,36.817749,2020-10-27
"561",-121.270065,37.03451,2020-10-30
"562",-122.529927,37.476697,2020-10-23
"563",-122.498899,37.570245,2020-10-13
"564",-122.482389,37.464905,2020-10-23
"565",-122.603108,38.240055,2020-11-17
"566",-122.96714,38.059639,2020-11-04
"567",-122.507445,37.412849,2020-11-25
"568",-122.455104,37.452215,2020-11-25
"569",-121.655415,36.823307,2020-11-19
"570",-122.970426,38.03146,2020-12-13
"571",-115.709957,30.91614,2020-12-20
"572",-115.745961,30.868731,2020-12-20
"573",-115.662037,30.806615,2020-12-20
"574",-121.936184,36.877008,2020-12-25
"575",-120.787969,35.327014,2020-12-28
"576",-123.037,38.397773,2019-01-08
"577",-120.058858,34.497684,2019-01-17
"578",-122.698544,38.29051,2019-01-17
"579",-120.067254,34.480874,2019-01-18
"580",-122.520825,37.544832,2019-01-19
"581",-122.586747,37.549367,2019-01-19
"582",-122.768099,38.226949,2019-01-22
"583",-122.473809,37.826064,2019-01-27
"584",-121.420638,37.687728,2019-01-27
"585",-121.11543,36.419235,2019-01-30
"586",-120.02789,34.516979,2019-02-11
"587",-122.536628,37.918454,2019-02-19
"588",-122.516318,37.984623,2019-02-19
"589",-120.191302,34.491595,2019-02-22
"590",-122.552768,38.201765,2019-02-28
"591",-115.759516,30.834141,2019-02-07
"592",-120.794007,35.286294,2019-02-24
"593",-121.872933,37.603847,2019-03-01
"594",-120.135052,34.469255,2019-03-04
"595",-120.143453,34.549938,2019-03-07
"596",-121.475288,37.796486,2019-03-06
"597",-122.288485,37.228894,2019-03-16
"598",-122.528374,37.885319,2019-03-04
"599",-122.725377,38.337762,2019-03-30
"600",-121.01973,36.547104,2019-03-01
"601",-121.128629,36.592745,2019-04-11
"602",-122.506027,37.980624,2019-04-23
"603",-122.829939,38.184031,2019-04-26
"604",-122.10234,37.903315,2019-04-27
"605",-121.272492,37.107618,2019-04-29
"606",-115.736965,30.827843,2019-04-28
"607",-115.631805,30.930876,2019-04-28
"608",-115.660948,30.977422,2019-04-28
"609",-115.746928,30.976551,2019-04-28
"610",-115.681465,30.922768,2019-04-28
"611",-121.500801,37.641771,2019-04-24
"612",-121.111554,36.581292,2019-04-22
"613",-115.787958,30.981666,2019-04-11
"614",-122.509746,37.468222,2019-04-04
"615",-120.709301,35.234884,2019-04-28
"616",-120.725365,35.399086,2019-04-28
"617",-120.677584,35.354825,2019-04-27
"618",-122.03196,37.143225,2019-05-28
"619",-121.034889,36.519828,2019-05-04
"620",-121.098637,36.469343,2019-05-04
"621",-121.14878,36.47908,2019-05-04
"622",-121.04041,36.507749,2019-05-04
"623",-121.043638,36.407923,2019-05-04
"624",-122.48879,38.377637,2019-05-17
"625",-115.614497,30.965566,2019-05-19
"626",-122.347605,37.586665,2019-05-21
"627",-122.428341,37.887841,2019-05-24
"628",-121.635104,37.731392,2019-05-23
"629",-121.503558,36.573077,2019-05-23
"630",-122.153898,37.399055,2019-05-15
"631",-115.610737,30.885681,2019-05-19
"632",-121.47185,37.675379,2019-05-23
"633",-121.863699,37.783296,2019-05-29
"634",-115.496348,30.974206,2019-05-19
"635",-122.599215,37.804147,2019-06-09
"636",-121.152644,36.420542,2019-06-28
"637",-121.015287,36.482476,2019-06-28
"638",-122.827166,38.318073,2019-07-05
"639",-121.902852,37.886266,2019-07-03
"640",-121.907438,37.989562,2019-07-03
"641",-122.411647,37.955305,2019-07-08
"642",-121.841696,37.830525,2019-07-09
"643",-122.787582,38.540896,2019-07-17
"644",-121.422532,37.152178,2019-07-24
"645",-121.541246,37.07531,2019-07-29
"646",-121.042266,36.567707,2019-07-09
"647",-120.947171,39.045351,2019-08-09
"648",-121.979055,37.87018,2019-08-10
"649",-121.968661,37.975243,2019-08-10
"650",-121.950653,37.95132,2019-08-10
"651",-121.891222,37.878264,2019-08-10
"652",-122.5816,37.939124,2019-08-08
"653",-121.995527,37.829118,2019-08-10
"654",-121.904302,37.93355,2019-08-12
"655",-121.926158,37.814807,2019-08-12
"656",-121.995197,37.881805,2019-08-12
"657",-121.857798,37.97389,2019-08-12
"658",-121.836771,37.809702,2019-08-12
"659",-121.85573,37.878769,2019-08-12
"660",-121.722697,37.340695,2019-08-23
"661",-122.440732,37.825223,2019-08-21
"662",-122.083203,37.329906,2019-08-29
"663",-121.846762,37.801801,2019-09-01
"664",-121.12272,36.683439,2019-09-02
"665",-121.950321,37.963916,2019-09-10
"666",-121.134069,36.436096,2019-09-14
"667",-121.024945,36.623318,2019-09-14
"668",-122.393865,37.398223,2019-09-12
"669",-121.696159,37.590421,2019-09-20
"670",-121.876001,37.998302,2019-09-21
"671",-122.140558,36.935182,2019-09-24
"672",-121.151779,36.544185,2019-09-23
"673",-121.261381,37.138759,2019-09-09
"674",-122.466703,37.819563,2019-09-26
"675",-121.909922,37.865181,2019-09-10
"676",-122.582279,37.54083,2019-09-30
"677",-122.405761,37.446917,2019-09-30
"678",-123.013487,38.309237,2019-09-12
"679",-122.082883,37.329811,2019-09-05
"680",-122.660419,37.827337,2019-10-17
"681",-122.163277,36.842643,2019-10-08
"682",-121.658645,37.892088,2019-10-09
"683",-121.118402,36.596516,2019-10-12
"684",-122.531688,37.976918,2019-10-16
"685",-122.879458,38.050184,2019-10-14
"686",-122.462207,37.982043,2019-10-16
"687",-121.237385,37.021348,2019-10-17
"688",-121.112077,36.511406,2019-10-18
"689",-121.077022,36.738008,2019-10-20
"690",-122.050681,37.849833,2019-10-20
"691",-121.89037,37.999093,2019-10-26
"692",-121.997634,37.95203,2019-10-26
"693",-121.963237,37.993403,2019-10-26
"694",-121.978982,37.90894,2019-10-26
"695",-121.87652,37.86125,2019-10-26
"696",-121.051193,36.441094,2019-10-10
"697",-120.790376,39.008124,2019-10-18
"698",-122.487605,37.965717,2019-11-01
"699",-121.97834,37.983401,2019-11-05
"700",-122.593335,37.831108,2019-11-07
"701",-122.97445,38.104252,2019-11-19
"702",-122.023002,37.982534,2019-11-13
"703",-122.10054,37.931646,2019-11-13
"704",-122.098049,37.940396,2019-11-19
"705",-115.64522,30.84575,2019-11-15
"706",-121.439261,37.773038,2019-11-05
"707",-120.11113,34.539078,2019-12-02
"708",-122.658226,38.2797,2019-12-02
"709",-122.629367,38.264681,2019-12-02
"710",-121.1364,36.695447,2019-12-13
"711",-120.136842,34.544503,2019-12-27
"712",-122.455387,37.893624,2019-12-31
"713",-122.498912,38.368896,2019-12-07
"714",-119.74993,34.591943,2018-01-04
"715",-121.472578,37.639942,2018-01-08
"716",-120.018318,34.451239,2018-01-08
"717",-122.468801,37.976219,2018-01-14
"718",-121.490972,37.646742,2018-01-08
"719",-121.589131,37.697242,2018-01-08
"720",-121.961011,37.985122,2018-01-03
"721",-121.706425,37.406591,2018-02-22
"722",-122.203159,37.448458,2018-02-11
"723",-122.373109,37.297505,2018-02-10
"724",-122.388212,37.3595,2018-02-10
"725",-122.56268,37.706177,2018-02-07
"726",-121.613154,37.32942,2018-03-04
"727",-121.640084,37.357796,2018-03-04
"728",-121.827411,37.951007,2018-03-05
"729",-121.751762,37.295153,2018-03-04
"730",-121.76497,37.388863,2018-03-08
"731",-116.764739,33.913021,2018-03-10
"732",-123.779151,38.942756,2018-03-11
"733",-122.463754,37.522777,2018-03-07
"734",-122.727286,38.317096,2018-03-25
"735",-121.902397,37.892152,2018-03-12
"736",-121.848743,37.973096,2018-03-12
"737",-122.829266,38.197299,2018-03-30
"738",-122.829684,38.077247,2018-03-30
"739",-122.830307,38.191589,2018-03-30
"740",-121.161986,36.549854,2018-03-31
"741",-120.112596,34.453757,2018-04-04
"742",-120.60695,35.302351,2018-04-12
"743",-122.422848,37.793838,2018-04-13
"744",-119.932852,34.509828,2018-04-21
"745",-119.252781,34.473855,2018-04-24
"746",-122.584806,37.847959,2018-04-20
"747",-122.181787,37.831714,2018-04-27
"748",-122.538583,37.715752,2018-04-27
"749",-122.53034,37.721137,2018-04-29
"750",-121.426169,37.065804,2018-04-28
"751",-122.199415,37.953625,2018-04-27
"752",-122.039331,37.837409,2018-04-27
"753",-121.101521,36.473974,2018-04-28
"754",-122.45054,37.983913,2018-04-17
"755",-122.334469,37.274153,2018-04-07
"756",-121.285361,37.058935,2018-04-25
"757",-121.064362,36.592366,2018-05-06
"758",-120.102139,34.534296,2018-05-05
"759",-122.073388,37.941799,2018-05-17
"760",-122.161244,37.812518,2018-05-17
"761",-121.167789,36.461175,2018-05-21
"762",-121.989233,37.559731,2018-05-25
"763",-120.424007,34.45348,2018-05-29
"764",-121.115354,36.570917,2018-05-22
"765",-121.816491,37.95769,2018-05-30
"766",-122.244135,37.291007,2018-05-31
"767",-119.585336,37.663551,2018-05-23
"768",-119.512885,37.759499,2018-05-23
"769",-121.907155,37.652884,2018-05-17
"770",-120.171729,34.484321,2018-06-07
"771",-121.737038,37.931877,2018-06-09
"772",-121.878888,37.917829,2018-06-09
"773",-115.507423,30.994404,2018-06-06
"774",-115.536657,30.875002,2018-06-06
"775",-115.545327,30.921843,2018-06-06
"776",-115.510324,30.947519,2018-06-06
"777",-115.426396,30.981543,2018-06-07
"778",-115.410916,30.898822,2018-06-07
"779",-122.095684,37.941622,2018-06-13
"780",-115.491426,30.975536,2018-06-06
"781",-115.509502,30.855589,2018-06-06
"782",-115.541947,30.898303,2018-06-06
"783",-115.459287,30.85502,2018-06-06
"784",-115.589843,30.948721,2018-06-07
"785",-115.416188,30.988824,2018-06-07
"786",-115.451517,30.93384,2018-06-07
"787",-115.587586,30.978922,2018-06-07
"788",-115.551164,30.971607,2018-06-07
"789",-115.564678,30.816692,2018-06-07
"790",-115.59955,30.972561,2018-06-07
"791",-115.458982,30.823145,2018-06-07
"792",-121.864693,37.885933,2018-06-19
"793",-121.787515,36.848099,2018-06-28
"794",-122.949023,38.044839,2018-06-28
"795",-122.909602,38.015463,2018-06-28
"796",-122.917593,38.173286,2018-06-28
"797",-121.887671,37.082033,2018-06-28
"798",-121.694204,36.897413,2018-06-17
"799",-115.456235,30.845442,2018-06-08
"800",-115.55176,30.976641,2018-06-08
"801",-115.56654,30.975883,2018-06-07
"802",-115.470082,30.83055,2018-06-07
"803",-115.568979,30.837877,2018-06-07
"804",-115.513385,30.856656,2018-06-07
"805",-115.546994,30.983946,2018-06-07
"806",-115.500948,30.978835,2018-06-07
"807",-115.551021,30.862686,2018-06-07
"808",-121.980424,37.695678,2018-06-08
"809",-121.826123,37.984151,2018-07-10
"810",-121.190476,36.450393,2018-07-09
"811",-122.675283,38.114803,2018-07-12
"812",-122.618442,38.19942,2018-07-12
"813",-121.098586,36.775576,2018-07-12
"814",-121.49147,37.145908,2018-07-22
"815",-121.473322,37.036775,2018-07-22
"816",-121.834509,37.973985,2018-07-20
"817",-121.017998,36.447389,2018-08-02
"818",-122.877141,38.169191,2018-08-04
"819",-122.143749,37.968612,2018-08-10
"820",-121.841794,37.846383,2018-08-16
"821",-121.877002,37.875165,2018-08-16
"822",-121.25607,37.191711,2018-08-06
"823",-121.182495,36.408186,2018-08-27
"824",-122.493525,38.466057,2018-08-31
"825",-122.749918,37.857353,2018-08-31
"826",-115.617176,30.80011,2018-08-26
"827",-122.446004,37.761488,2018-08-26
"828",-122.427725,37.628017,2018-08-21
"829",-122.530122,37.782295,2018-08-15
"830",-118.774829,34.133176,2018-08-19
"831",-118.697608,34.055273,2018-08-25
"832",-121.639888,36.915717,2018-08-26
"833",-122.483127,37.668574,2018-09-03
"834",-121.633043,36.983849,2018-09-26
"835",-122.038726,36.95477,2018-09-20
"836",-121.109847,36.552889,2018-09-30
"837",-115.797974,30.803343,2018-09-14
"838",-115.730885,30.870444,2018-09-14
"839",-115.775471,30.881235,2018-09-14
"840",-115.650817,30.991703,2018-09-15
"841",-115.717905,30.955385,2018-09-15
"842",-116.450064,34.980309,2018-09-05
"843",-120.144655,34.52714,2018-10-06
"844",-122.651217,37.935128,2018-10-24
"845",-122.589726,37.999742,2018-10-05
"846",-122.494874,38.254741,2018-11-16
"847",-122.431933,37.838186,2018-11-24
"848",-120.070102,34.504772,2018-12-06
"849",-118.836265,34.082157,2018-12-24
"850",-121.786556,37.626865,2017-01-07
"851",-121.659076,37.760388,2017-01-07
"852",-121.530209,37.748239,2017-01-08
"853",-121.558374,37.77841,2017-01-07
"854",-121.589461,37.610924,2017-01-07
"855",-122.287012,37.164879,2017-01-10
"856",-122.607049,37.953988,2017-01-30
"857",-121.918396,36.801827,2017-02-05
"858",-120.044511,34.470004,2017-02-20
"859",-120.040757,34.513418,2017-02-27
"860",-122.585245,37.764661,2017-02-17
"861",-121.98468,36.515153,2017-02-22
"862",-121.863895,36.434133,2017-02-22
"863",-121.916363,36.56375,2017-02-22
"864",-121.862364,37.563686,2017-02-22
"865",-121.706824,36.612055,2017-03-20
"866",-121.839451,37.544934,2017-03-11
"867",-115.756144,30.855313,2017-03-17
"868",-121.096768,36.549281,2017-03-08
"869",-121.096525,36.498533,2017-03-26
"870",-121.185629,36.447781,2017-03-26
"871",-121.164918,36.42895,2017-03-26
"872",-121.879835,37.829058,2017-03-03
"873",-121.042461,36.577627,2017-03-05
"874",-122.772595,38.399147,2017-03-26
"875",-120.177207,34.67231,2017-03-18
"876",-120.129037,34.473869,2017-04-03
"877",-121.148152,36.573221,2017-04-03
"878",-121.054747,36.46186,2017-04-03
"879",-121.946556,37.607818,2017-04-01
"880",-121.918949,37.628039,2017-04-10
"881",-118.708856,34.066776,2017-04-14
"882",-120.131907,34.44165,2017-04-10
"883",-121.710076,37.998773,2017-05-03
"884",-121.818475,37.497569,2017-05-07
"885",-121.147897,36.516005,2017-05-07
"886",-121.648268,36.569668,2017-05-17
"887",-121.908821,37.931142,2017-05-23
"888",-121.015508,36.592644,2017-05-07
"889",-121.000026,36.514861,2017-05-25
"890",-121.0551,36.429023,2017-05-29
"891",-121.70218,37.857727,2017-05-08
"892",-121.967242,36.405997,2017-06-30
"893",-121.757711,37.979421,2017-06-03
"894",-115.673497,30.998463,2017-06-10
"895",-121.138028,36.447797,2017-06-12
"896",-115.660924,30.882847,2017-06-10
"897",-115.628193,30.865719,2017-06-10
"898",-122.484028,37.744571,2017-06-24
"899",-121.742682,37.961435,2017-06-22
"900",-121.893919,37.982405,2017-06-26
"901",-121.954896,37.87595,2017-07-06
"902",-121.152624,36.576403,2017-07-03
"903",-122.509445,37.747529,2017-07-10
"904",-121.06087,36.517066,2017-07-14
"905",-122.564679,38.378268,2017-07-24
"906",-115.43714,30.863931,2017-08-12
"907",-121.943941,36.413103,2017-08-23
"908",-121.853948,36.415105,2017-08-23
"909",-121.134627,36.426443,2017-08-22
"910",-121.197102,36.496667,2017-08-22
"911",-119.909096,34.566821,2017-08-30
"912",-121.799485,37.911433,2017-09-08
"913",-122.010516,36.954845,2017-09-03
"914",-121.037688,36.413168,2017-09-08
"915",-121.102812,36.47513,2017-09-08
"916",-119.909791,34.510456,2017-09-13
"917",-123.78736,38.962159,2017-09-12
"918",-116.721715,33.968985,2017-09-09
"919",-122.688712,38.015635,2017-09-03
"920",-122.52152,37.893763,2017-10-10
"921",-122.160274,36.916415,2017-10-18
"922",-121.058253,36.589768,2017-10-24
"923",-121.44603,35.903801,2017-10-25
"924",-122.591473,37.762183,2017-10-31
"925",-121.188822,36.514848,2017-10-30
"926",-122.132768,37.334286,2017-11-01
"927",-121.827434,36.894669,2017-11-03
"928",-121.911351,36.831599,2017-11-03
"929",-122.721364,38.592243,2017-11-04
"930",-119.968214,34.60021,2017-11-11
"931",-118.65201,34.195556,2017-11-13
"932",-122.492301,37.843504,2017-11-18
"933",-122.571953,37.883601,2017-11-18
"934",-122.545306,37.835679,2017-11-18
"935",-121.299631,37.114569,2017-11-25
"936",-121.237455,37.0804,2017-11-25
"937",-122.364668,37.361865,2017-11-25
"938",-121.939675,36.993785,2017-12-28
"939",-116.604435,33.819491,2017-12-14
"940",-121.066698,36.419382,2016-01-19
"941",-121.244139,37.693253,2016-01-17
"942",-121.602919,37.68645,2016-01-17
"943",-121.850294,37.564361,2016-02-14
"944",-118.703911,34.038791,2016-02-14
"945",-122.449209,38.209952,2016-02-28
"946",-122.355491,37.332861,2016-02-29
"947",-121.008415,36.589641,2016-03-03
"948",-122.447562,37.985852,2016-03-17
"949",-120.679173,35.294765,2016-04-23
"950",-121.898579,37.543218,2016-04-11
"951",-122.937882,38.052845,2016-04-03
"952",-122.542337,37.67029,2016-04-20
"953",-122.492016,37.713792,2016-04-20
"954",-122.416733,37.930393,2016-04-18
"955",-115.580753,30.914685,2016-04-23
"956",-121.884707,37.99635,2016-04-28
"957",-121.154299,36.57227,2016-04-08
"958",-121.097344,36.427056,2016-04-03
"959",-115.484991,30.947715,2016-04-27
"960",-121.060682,36.437162,2016-04-28
"961",-121.128288,36.553273,2016-04-28
"962",-121.176475,36.431671,2016-04-28
"963",-121.054461,36.406181,2016-04-28
"964",-121.592042,37.000244,2016-04-20
"965",-121.017561,36.561463,2016-05-05
"966",-118.722908,34.164263,2016-05-16
"967",-121.092727,36.536676,2016-05-21
"968",-121.043903,36.554817,2016-05-21
"969",-121.047267,36.479926,2016-05-07
"970",-121.357999,37.068392,2016-06-20
"971",-121.994589,37.869447,2016-06-25
"972",-121.964128,37.920788,2016-06-17
"973",-122.98779,38.110251,2016-07-09
"974",-115.654249,30.876895,2016-07-24
"975",-121.957268,37.932668,2016-07-29
"976",-122.432472,37.695823,2016-07-31
"977",-122.961898,38.034732,2016-07-31
"978",-121.834882,37.814951,2016-08-05
"979",-121.934135,37.806502,2016-08-05
"980",-121.018603,36.417921,2016-08-07
"981",-115.726712,30.955416,2016-08-12
"982",-122.18031,36.8691,2016-08-15
"983",-121.190178,36.503364,2016-08-06
"984",-121.938094,37.89471,2016-08-16
"985",-121.807673,36.571709,2016-08-24
"986",-121.949878,36.442392,2016-08-24
"987",-121.883866,36.420141,2016-08-24
"988",-121.855294,36.57478,2016-08-24
"989",-121.929081,36.545421,2016-08-24
"990",-121.882456,36.500272,2016-08-24
"991",-121.979934,36.565214,2016-08-25
"992",-121.333538,37.11394,2016-08-24
"993",-122.338116,37.281866,2016-09-15
"994",-121.913448,37.963235,2016-09-03
"995",-122.801901,38.067872,2016-09-09
"996",-121.195029,36.526599,2016-09-14
"997",-121.135521,36.473472,2016-09-14
"998",-121.167415,36.538724,2016-09-14
"999",-121.183358,36.403914,2016-09-14
"1000",-121.185415,36.465818,2016-09-14
"1001",-121.150069,36.458943,2016-09-25
"1002",-121.265551,37.159801,2016-09-01
"1003",-121.60479,37.763489,2016-10-20
"1004",-121.118166,36.455487,2016-10-28
"1005",-121.16787,36.532428,2016-10-01
"1006",-121.002939,36.52964,2016-10-01
"1007",-122.549956,37.795894,2016-10-03
"1008",-122.425885,37.583088,2016-10-03
"1009",-122.508739,38.548822,2016-10-24
"1010",-119.502024,34.583661,2016-11-01
"1011",-119.565712,34.416272,2016-11-03
"1012",-121.924299,36.911836,2016-12-15
"1013",-122.185238,37.843579,2015-02-13
"1014",-122.013582,37.981873,2015-02-13
"1015",-121.09141,36.499004,2015-03-09
"1016",-121.48627,37.037921,2015-03-21
"1017",-122.036317,36.895507,2015-03-22
"1018",-121.994047,37.224615,2015-03-30
"1019",-121.09808,36.468106,2015-03-19
"1020",-121.105131,36.521194,2015-04-01
"1021",-121.215965,37.10632,2015-04-04
"1022",-122.9069,38.151107,2015-04-20
"1023",-121.74476,37.873749,2015-04-18
"1024",-121.172222,36.401194,2015-05-01
"1025",-121.146312,36.493839,2015-05-09
"1026",-120.268663,35.697042,2015-05-01
"1027",-122.566494,37.689011,2015-06-18
"1028",-122.482156,37.746559,2015-06-18
"1029",-121.460232,37.039209,2015-06-22
"1030",-121.436168,37.050958,2015-06-25
"1031",-122.862382,38.106971,2015-06-29
"1032",-122.403106,37.620306,2015-06-20
"1033",-121.071437,36.545641,2015-07-11
"1034",-121.158561,36.414925,2015-07-14
"1035",-122.152532,36.81969,2015-07-24
"1036",-121.062511,36.422459,2015-09-29
"1037",-122.813074,38.073106,2015-09-02
"1038",-121.739106,37.970402,2015-09-05
"1039",-122.279828,37.149718,2015-10-02
"1040",-122.636516,38.108177,2015-10-15
"1041",-122.335674,38.148537,2015-11-08
"1042",-122.292436,37.040147,2015-11-13
"1043",-122.307431,37.123589,2014-01-07
"1044",-122.014971,37.95545,2014-02-14
"1045",-122.138299,37.724094,2014-02-17
"1046",-122.028036,37.883259,2014-02-24
"1047",-122.304989,37.11925,2014-02-09
"1048",-122.500996,37.516534,2014-03-02
"1049",-122.495018,37.71059,2014-03-28
"1050",-122.56796,37.64702,2014-03-28
"1051",-122.576387,37.690434,2014-03-28
"1052",-122.332293,37.446302,2014-03-28
"1053",-122.56732,37.634581,2014-03-29
"1054",-122.536708,37.950509,2014-03-29
"1055",-122.805586,38.019962,2014-03-29
"1056",-121.317203,37.111712,2014-03-20
"1057",-121.831031,36.918319,2014-03-30
"1058",-121.082567,36.443382,2014-04-03
"1059",-120.511152,35.338962,2014-04-15
"1060",-120.798427,35.216138,2014-04-15
"1061",-120.720059,35.372907,2014-04-15
"1062",-120.787581,35.325819,2014-04-15
"1063",-122.478659,37.787896,2014-04-17
"1064",-121.581736,37.757717,2014-04-01
"1065",-122.124684,36.81724,2014-05-10
"1066",-122.063372,36.815481,2014-05-10
"1067",-122.48283,37.837363,2014-05-29
"1068",-120.637068,35.220549,2014-05-12
"1069",-121.825396,37.835306,2014-05-05
"1070",-121.74463,36.545502,2014-06-20
"1071",-121.353994,35.644092,2014-06-24
"1072",-115.489002,30.813204,2014-06-11
"1073",-121.051693,36.405268,2014-07-29
"1074",-122.505397,37.595381,2014-07-15
"1075",-121.845921,37.860272,2014-08-18
"1076",-122.818227,38.130988,2014-08-03
"1077",-122.598672,37.59679,2014-08-04
"1078",-122.0611,37.324904,2014-09-02
"1079",-122.530319,37.609275,2014-09-06
"1080",-122.844443,38.126865,2014-10-21
"1081",-122.212236,37.180672,2014-10-24
"1082",-122.103619,36.899584,2014-10-05
"1083",-122.48046,37.895948,2014-11-14
"1084",-121.469681,37.655756,2014-11-20
"1085",-121.690551,37.775143,2014-11-20
"1086",-120.066852,34.454342,2014-11-24
"1087",-120.516657,34.895508,2014-12-18
"1088",-120.69571,35.113342,2014-12-18
"1089",-122.508845,37.359904,2013-01-27
"1090",-122.442539,37.615781,2013-01-11
"1091",-120.76885,34.820427,2013-02-04
"1092",-122.584021,37.215251,2013-02-15
"1093",-118.69875,34.17426,2013-02-26
"1094",-122.505241,37.716941,2013-03-24
"1095",-122.334464,37.256689,2013-04-03
"1096",-121.11877,36.425043,2013-04-19
"1097",-122.409049,37.35988,2013-04-21
"1098",-122.42671,37.301869,2013-04-26
"1099",-121.650621,36.988776,2013-04-01
"1100",-121.870476,36.515891,2013-04-19
"1101",-121.795927,36.827667,2013-05-08
"1102",-122.537507,37.324146,2013-05-17
"1103",-122.510686,37.396264,2013-05-01
"1104",-122.465609,37.646781,2013-05-19
"1105",-122.911542,38.141305,2013-07-07
"1106",-121.438241,37.12322,2013-07-15
"1107",-123.025796,38.313733,2013-08-19
"1108",-121.070543,36.588465,2013-08-27
"1109",-123.033163,38.206044,2013-08-19
"1110",-122.594602,37.497661,2013-08-22
"1111",-121.202648,37.148713,2013-08-17
"1112",-121.10554,36.565884,2013-09-19
"1113",-122.483616,37.677653,2013-10-30
"1114",-122.405661,37.622336,2013-10-08
"1115",-122.186421,36.926996,2013-11-08
"1116",-122.586949,37.404975,2013-11-17
"1117",-121.48234,37.683335,2013-11-19
"1118",-121.445617,37.625612,2013-11-19
"1119",-121.400738,37.752269,2013-11-19
"1120",-121.457471,37.787925,2013-11-19
"1121",-122.151086,36.985069,2013-11-20
"1122",-122.149636,36.984478,2013-11-20
"1123",-122.360428,37.133795,2012-01-21
"1124",-121.745209,37.372958,2012-02-22
"1125",-122.460817,37.692214,2012-03-04
"1126",-121.98678,37.832692,2012-05-19
"1127",-121.975767,37.403218,2012-05-27
"1128",-121.776442,36.809717,2012-05-24
"1129",-121.008072,36.496405,2012-06-08
"1130",-121.103035,36.425461,2012-07-07
"1131",-122.47101,37.660364,2012-09-16
"1132",-122.446379,37.477918,2012-12-24
"1133",-121.473027,37.172417,2011-01-20
"1134",-121.7255,37.864601,2011-03-30
"1135",-122.70277,38.150758,2011-03-16
"1136",-122.151978,37.021603,2011-04-27
"1137",-122.863055,38.022182,2011-06-14
"1138",-121.555646,36.942662,2011-07-22
"1139",-121.057715,36.560562,2011-07-03
"1140",-122.484865,37.750251,2011-08-28
"1141",-122.501796,37.768776,2011-08-28
"1142",-121.740454,36.967387,2011-08-10
"1143",-121.77145,36.867231,2011-08-01
"1144",-122.443583,37.473667,2011-08-08
"1145",-121.199525,36.576853,2011-09-24
"1146",-122.507654,37.67147,2011-09-07
"1147",-122.088179,37.976687,2011-10-01
"1148",-121.068155,36.524322,2011-10-28
"1149",-122.365943,37.163023,2011-11-12
"1150",-122.4687,37.768197,2010-01-07
"1151",-121.223898,37.001296,2010-05-24
"1152",-122.593915,37.783132,2010-06-04
"1153",-122.552451,37.243982,2010-06-05
"1154",-121.568087,37.741007,2010-06-05
"1155",-122.162457,37.810526,2010-06-04
"1156",-121.854083,37.750503,2010-07-20
"1157",-121.073354,36.445317,2010-09-26
"1158",-121.771644,36.867444,2010-09-28
"1159",-120.29694,34.53042,2010-12-18
"1160",-120.296,34.53136,2010-12-18
"1161",-120.2033,34.54512,2010-12-18
"1162",-122.140102,37.885675,2009-02-21
"1163",-121.768087,37.934408,2009-02-24
"1164",-121.760474,37.209745,2009-03-30
"1165",-121.061457,36.50295,2009-10-06
"1166",-122.560447,37.75664,2008-02-09
"1167",-121.979831,37.9477,2008-06-01
"1168",-123.136342,38.447329,2008-10-04
"1169",-122.791389,38.031389,2008-11-28
"1170",-122.493073,37.620531,2008-12-19
"1171",-123.306952,39.307389,2007-02-02
"1172",-122.424933,37.220588,2007-04-01
"1173",-122.59772,37.304877,2007-04-01
"1174",-121.184347,36.524517,2007-05-19
"1175",-120.626126,34.911201,2007-07-25
"1176",-121.909498,37.935428,2007-09-29
"1177",-121.021563,36.595984,2006-05-14
"1178",-122.980315,38.090908,2006-05-06
"1179",-121.072091,36.439274,2006-05-14
"1180",-122.434944,37.294538,2006-08-19
"1181",-118.439462,34.588596,2005-05-17
"1182",-122.572573,37.294062,2005-06-19
"1183",-122.471915,37.638967,2005-07-24
"1184",-121.71436,36.42728,2005-08-06
"1185",-121.528931,37.167325,2005-09-24
"1186",-121.528931,37.167325,2005-09-27
"1187",-121.528931,37.167325,2005-09-18
"1188",-121.528931,37.167325,2005-09-25
"1189",-122.392129,37.320272,2005-10-02
"1190",-121.528931,37.167325,2005-10-01
"1191",-122.361378,37.506834,2004-05-29
"1192",-118.65575,34.086662,2004-08-30
"1193",-121.996192,37.641602,2004-09-12
"1194",-122.372153,37.399158,2003-01-09
"1195",-122.228251,37.158289,2003-03-29
"1196",-122.367558,37.401075,2003-03-14
"1197",-122.390139,37.363361,2003-03-14
"1198",-122.368447,37.402236,2003-03-14
"1199",-121.124645,35.441187,2003-06-03
"1200",-121.86525,37.705028,2003-07-25
"1201",-122.367778,37.247222,2003-11-08
"1202",-122.375581,37.253481,2003-11-30
"1203",-122.348806,37.213764,2003-11-30
"1204",-121.668106,36.387717,2003-11-24
"1205",-120.282778,34.741111,2003-11-12
"1206",-122.372153,37.399158,2002-02-07
"1207",-120.2440668,35.7423916,2002-03-27
"1208",-121.4752239,37.6577155,2002-05-20
"1209",-118.516419,34.54595,2002-05-07
"1210",-118.506767,34.5517,2002-07-03
"1211",-118.5123,34.5474,2002-07-03
"1212",-118.512417,34.546617,2002-07-03
"1213",-122.314576,37.068781,2002-09-22
"1214",-121.152919,35.789323,2002-10-17
"1215",-120.4905592,35.1882591,2001-03-21
"1216",-121.679924,37.715547,2001-03-06
"1217",-121.951212,37.923419,2001-03-12
"1218",-121.5845865,37.7431627,2001-03-04
"1219",-121.5421102,37.7120937,2001-03-04
"1220",-121.4907662,37.6469016,2001-03-04
"1221",-122.6178219,38.4108699,2001-03-16
"1222",-120.1457274,34.913144,2001-06-12
"1223",-120.640556,34.981667,2000-01-27
"1224",-121.7504059,37.2393507,2000-02-11
"1225",-122.600283,38.408542,2000-03-03
"1226",-121.701389,37.746389,2000-04-02
"1227",-121.965556,37.606667,2000-05-16
"1228",-121.743056,37.745833,2000-05-10
"1229",-121.924444,37.581111,2000-05-16
"1230",-121.645833,37.690278,2000-05-18
"1231",-121.924722,37.588333,2000-06-09
"1232",-121.351111,36.850556,2000-07-04
"1233",-122.014806,37.705917,2000-07-14
"1234",-121.7178509,37.6889988,2000-08-09
"1235",-120.502778,34.901111,2000-08-09
"1236",-118.534162,34.5617302,2000-10-16
"1237",-121.8051675,36.4536568,1999-01-19
"1238",-121.36,36.813611,1999-01-23
"1239",-121.784444,37.700556,1999-03-25
"1240",-120.470278,34.714167,1999-03-26
"1241",-120.4709055,34.8910772,1999-04-12
"1242",-122.129394,38.157417,1999-04-09
"1243",-121.28975,37.045419,1999-04-19
"1244",-121.2223469,35.6525344,1999-05-13
"1245",-122.00437,37.58915,1999-05-10
"1246",-121.748081,37.228342,1999-06-05
"1247",-121.7939237,37.9321959,1998-03-14
"1248",-121.7017684,36.9630125,1998-04-30
"1249",-121.401194,39.72825,1998-06-18
"1250",-121.864828,37.740569,1998-06-04
"1251",-122.110136,38.137417,1998-06-22
"1252",-120.7303681,35.3224198,1998-06-01
"1253",-120.7063515,35.320317,1998-06-01
"1254",-120.6878623,35.3382277,1998-06-03
"1255",-120.6962128,35.362266,1998-06-02
"1256",-122.239867,37.43045,1998-08-02
"1257",-122.7887446,38.0275417,1998-09-29
"1258",-122.790001,38.029999,1998-09-29
"1259",-121.5563199,36.947348,1997-03-23
"1260",-121.5675622,36.9476699,1997-05-25
"1261",-122.1806487,37.8627882,1997-06-21
"1262",-121.8142575,37.2529578,1997-06-01
"1263",-119.917222,34.433056,1997-06-18
"1264",-121.7817485,37.704579,1997-11-09
"1265",-120.452197,35.387418,1996-04-01
"1266",-121.119,35.5967,1996-04-26
"1267",-121.796165,37.6381743,1996-07-10
"1268",-121.704694,37.830917,1995-07-09
"1269",-121.729917,37.836861,1995-11-28
"1270",-121.735139,37.828417,1995-11-29
"1271",-121.733222,37.831222,1995-11-29
"1272",-121.734333,37.829028,1995-11-29
"1273",-121.0960745,35.6045536,1994-04-14
"1274",-121.654369,37.834519,1994-11-22
"1275",-121.6879019,37.029761,1993-04-05
"1276",-117.382464,33.504698,1993-05-16
"1277",-122.468886,37.768333,1993-07-27
"1278",-122.468886,37.768333,1993-07-29
"1279",-122.468886,37.768333,1993-07-30
"1280",-121.681667,37.698333,1993-07-13
"1281",-121.676783,37.767633,1993-08-16
"1282",-122.4084,37.26885,1992-02-28
"1283",-122.367222,36.918611,1992-03-24
"1284",-121.73955,37.736567,1992-03-05
"1285",-117.2540565,33.5563343,1991-09-16
"1286",-121.148583,35.616233,1991-09-18
"1287",-120.634444,34.96,1991-09-24
"1288",-122.486944,37.636111,1990-11-30
"1289",-122.4084,37.26885,1989-02-18
"1290",-120.478611,34.512222,1989-06-25
"1291",-120.330556,35.693889,1989-07-01
"1292",-117.2719627,33.5317959,1989-08-15
"1293",-122.6122007,38.3323086,1989-08-27
"1294",-120.337222,34.805556,1986-04-30
"1295",-122.133,37.9333,1986-08-29
"1296",-122.187,37.315,1986-08-30
"1297",-122.194512,37.3202022,1986-08-30
"1298",-120.271944,34.470278,1986-08-11
"1299",-120.118889,34.470278,1985-04-17
"1300",-120.635556,34.963056,1985-07-25
"1301",-120.229444,34.473611,1985-07-25
"1302",-120.336389,34.464722,1984-03-21
"1303",-120.142,34.9208,1984-10-13
"1304",-122.1411447,37.9379719,1983-08-26
"1305",-115.7142435,38.9323696,1983-08-13
"1306",-115.6975732,38.9368096,1983-08-17
"1307",-121.6782796,37.6629397,1982-02-14
"1308",-122.2437827,37.9053998,1982-10-25
"1309",-120.2257626,34.4923069,1981-01-18
"1310",-121.1480008,35.6162809,1981-04-10
"1311",-122.2233829,37.4151818,1981-09-26
"1312",-116.32571,31.42073,1978-08-21
"1313",-115.9505578,30.7684156,1977-05-20
"1314",-120.5559921,34.7738348,1977-06-17
"1315",-118.0321215,34.1730195,1977-06-14
"1316",-123.0239409,38.6929897,1976-03-01
"1317",-121.5545661,36.3855724,1976-03-22
"1318",-121.7872157,36.8329388,1976-03-24
"1319",-115.4667,30.88333,1976-08-23
"1320",-122.2526158,37.9025298,1976-09-27
"1321",-121.5939594,37.6405929,1975-02-06
"1322",-120.4659108,38.0618438,1975-02-07
"1323",-116.94408,33.44679,1975-05-04
"1324",-116.99392,33.47924,1975-05-29
"1325",-123.0825811,38.3850406,1975-07-26
"1326",-121.3190464,35.7644778,1975-07-15
"1327",-121.4904451,37.6398017,1975-07-22
"1328",-122.2439357,37.9052898,1975-10-01
"1329",-121.5014953,36.340164,1974-05-18
"1330",-120.57527,34.74179,1974-07-31
"1331",-115.4338795,30.8334166,1973-06-27
"1332",-115.463876,30.887101,1973-06-30
"1333",-115.5505512,31.0689641,1973-08-10
"1334",-117.4517013,34.2905562,1972-05-28
"1335",-121.8869266,37.9135735,1971-01-16
"1336",-121.9083443,37.8524277,1971-01-17
"1337",-121.840535,36.925845,1971-02-26
"1338",-116.0005604,30.9500763,1971-04-05
"1339",-121.5868,37.6399,1971-04-04
"1340",-121.4838,37.7012,1971-05-29
"1341",-121.4988652,37.6337118,1971-05-29
"1342",-121.4908651,37.6441216,1971-05-29
"1343",-121.7697125,37.8787742,1970-01-16
"1344",-115.6349974,31.1106292,1970-02-12
"1345",-122.9647966,38.2504264,1970-05-07
"1346",-119.7933589,34.4894652,1969-12-29
"1347",-117.62398,33.7159,1968-03-10
"1348",-117.5939,33.72228,1968-03-16
"1349",-117.62395,33.71446,1968-03-07
"1350",-117.61765,33.72494,1968-05-30
"1351",-121.1476405,36.4403863,1968-07-16
"1352",-119.1176652,34.5547462,1968-08-02
"1353",-122.2004464,37.9629559,1968-08-01
"1354",-122.2637694,37.3861512,1968-08-18
"1355",-122.189605,38.042701,1968-09-21
"1356",-121.1482588,35.6159919,1968-12-30
"1357",-117.62308,33.71527,1967-03-18
"1358",-121.8259031,37.5113749,1967-03-20
"1359",-121.1750838,36.4963317,1967-06-16
"1360",-116.60401,32.9421,1967-06-01
"1361",-116.9036,33.34122,1967-09-14
"1362",-116.90098,33.34058,1967-10-01
"1363",-117.64054,33.62714,1966-02-22
"1364",-117.62582,33.71238,1966-03-11
"1365",-119.8187508,34.5200121,1965-02-21
"1366",-118.840866,34.030474,1965-05-08
"1367",-117.49036,33.59352,1965-06-22
"1368",-116.47445,33.09641,1965-08-07
"1369",-121.1802367,36.481785,1965-09-02
"1370",-117.59113,33.71857,1965-11-05
"1371",-118.8556832,34.0649117,1964-02-05
"1372",-116.552102,33.763158,1964-03-20
"1373",-118.7527577,34.0498039,1964-04-16
"1374",-117.64054,33.71277,1964-04-11
"1375",-119.8197456,34.5064615,1964-05-17
"1376",-121.5345994,37.3503219,1964-10-03
"1377",-116.43577,33.11854,1963-04-04
"1378",-116.47983,33.10075,1963-04-26
"1379",-116.47211,33.09806,1963-04-27
"1380",-122.2399922,38.4828796,1963-05-30
"1381",-120.8811299,36.7315774,1963-08-10
"1382",-122.4921945,39.6046235,1963-10-10
"1383",-116.47763,33.10065,1962-04-19
"1384",-122.7193143,38.8613829,1961-01-25
"1385",-122.7262728,38.8832154,1961-01-25
"1386",-120.8419331,38.6452457,1961-03-31
"1387",-118.5289546,34.6371572,1961-07-16
"1388",-115.47592,30.89293,1961-09-06
"1389",-117.7758703,34.1406322,1960-02-03
"1390",-119.7791741,34.5457777,1960-05-12
"1391",-121.873683,37.57682,1960-06-30
"1392",-121.8919034,37.5768199,1960-06-30
"1393",-120.3805309,35.2072294,1960-07-25
"1394",-122.2461484,37.2626151,1960-07-05
"1395",-120.2270894,35.0223145,1960-07-25
"1396",-120.2270894,35.0223145,1960-07-25
"1397",-120.0685423,34.5107546,1960-10-11
"1398",-120.4088945,34.5654926,1960-12-01
"1399",-121.8338519,36.9216254,1959-01-10
"1400",-122.7479965,38.9009128,1959-01-26
"1401",-117.850974,34.2390219,1959-03-20
"1402",-118.112296,34.429069,1959-03-29
"1403",-121.9976992,37.05274,1959-03-30
"1404",-116.65373,33.98019,1959-04-11
"1405",-116.58572,32.90666,1959-04-01
"1406",-117.49748,33.5914,1959-04-11
"1407",-121.8852917,36.9734108,1959-05-17
"1408",-122.29925,37.43576,1959-06-13
"1409",-122.29924,37.43575,1959-06-13
"1410",-117.4890348,34.253486,1959-07-29
"1411",-117.3068262,34.3176695,1959-08-06
"1412",-117.59042,33.66254,1958-04-28
"1413",-122.4601332,37.6461967,1958-04-20
"1414",-122.8065906,38.0690316,1958-08-23
"1415",-122.1480054,37.2794845,1958-08-28
"1416",-118.4833,34.37806,1958-08-02
"1417",-116.4998599,31.8900527,1957-03-25
"1418",-117.52442,33.70402,1957-03-30
"1419",-116.69266,33.30965,1957-03-29
"1420",-121.2819206,38.1306148,1957-03-19
"1421",-117.0978989,34.0721977,1957-04-20
"1422",-117.0603345,34.2230218,1957-04-16
"1423",-116.65869,33.77172,1957-06-18
"1424",-122.42595,37.68616,1957-11-02
"1425",-122.1761349,37.4207451,1956-01-11
"1426",-116.69289,33.30925,1956-04-21
"1427",-117.51706,33.69542,1956-04-05
"1428",-118.54034,34.2984,1956-04-05
"1429",-122.825081,38.0692894,1955-01-01
"1430",-119.3083288,34.4845768,1955-02-11
"1431",-118.3079257,34.4553347,1955-03-27
"1432",-116.5003281,32.8006646,1955-04-10
"1433",-116.8499,32.6532,1955-07-18
"1434",-117.2308977,34.3432983,1955-08-24
"1435",-121.1830917,36.4788421,1955-09-16
"1436",-121.1830917,36.4788421,1955-09-16
"1437",-118.4973109,34.5403411,1954-03-06
"1438",-118.8691601,34.702902,1954-04-04
"1439",-116.4405895,33.1100058,1954-04-13
"1440",-117.3245777,34.329158,1954-07-16
"1441",-122.0867662,37.1284245,1954-09-12
"1442",-122.361297,37.806625,1953-01-01
"1443",-121.1458855,36.5332251,1953-02-22
"1444",-118.3006454,34.4399552,1953-05-01
"1445",-118.5906482,34.0699635,1953-05-02
"1446",-120.2675481,35.1826419,1953-05-03
"1447",-120.610209,35.2850567,1953-05-03
"1448",-122.9659706,38.2465495,1953-06-28
"1449",-115.473833,30.892389,1953-06-01
"1450",-122.9649966,38.2506264,1953-07-02
"1451",-117.5206197,33.6699822,1953-08-16
"1452",-121.6970136,37.8603482,1953-11-13
"1453",-122.1986953,37.3329309,1953-11-14
"1454",-121.9690221,37.8815736,1953-12-03
"1455",-117.62249,33.70945,1952-02-29
"1456",-122.142584,37.8808972,1952-02-23
"1457",-117.78316,33.54225,1952-04-11
"1458",-117.60398,33.65701,1952-05-03
"1459",-116.5705913,32.9800088,1952-05-23
"1460",-117.1827667,34.257569,1952-07-10
"1461",-117.767016,34.1334734,1952-07-04
"1462",-119.6942753,37.1281563,1952-08-15
"1463",-119.6942753,37.1281563,1952-08-15
"1464",-121.4534095,37.3435537,1952-08-30
"1465",-115.75,30.96667,1952-08-15
"1466",-121.8482691,37.4724166,1951-03-17
"1467",-121.8535222,37.8639939,1951-04-15
"1468",-121.185642,36.488478,1951-04-28
"1469",-116.5805908,32.9000111,1951-06-25
"1470",-121.2323037,36.633638,1951-06-18
"1471",-121.28015,36.546267,1951-06-18
"1472",-116.80738,32.65784,1950-02-18
"1473",-117.8603742,34.2366949,1950-03-17
"1474",-117.9881895,34.1758647,1950-04-14
"1475",-117.9692844,34.2131538,1950-04-14
"1476",-120.39647,37.96372,1950-04-23
"1477",-120.2621422,35.5582622,1950-04-10
"1478",-116.78923,33.38506,1950-04-03
"1479",-117.1255467,34.2840477,1950-05-31
"1480",-118.9086594,34.4566504,1950-05-06
"1481",-118.7671755,34.4804198,1950-06-20
"1482",-118.3334101,34.437249,1950-06-20
"1483",-117.1422223,34.0015964,1950-08-06
"1484",-121.8400191,37.8817516,1950-08-13
"1485",-116.468056,32.606389,1950-12-30
"1486",-122.410567,37.580683,1949-04-17
"1487",-118.7588757,34.5206057,1949-05-07
"1488",-118.7623206,34.5081191,1949-06-21
"1489",-115.4505473,30.8834119,1949-07-02
"1490",-121.078478,36.265508,1949-01-01
"1491",-122.1767353,37.0614054,1948-05-11
"1492",-119.0830409,34.4070896,1948-09-15
"1493",-120.395583,35.352542,1948-09-03
"1494",-121.4143945,36.0142988,1948-09-02
"1495",-116.44303,33.11458,1948-09-23
"1496",-118.1884643,34.294644,1947-02-16
"1497",-118.707152,34.0848502,1947-03-30
"1498",-116.4753,33.09645,1947-04-13
"1499",-118.1894416,34.223483,1947-04-20
"1500",-121.175,36.466667,1947-05-24
"1501",-118.5984245,34.083498,1947-06-13
"1502",-122.1467253,37.8183975,1947-08-13
"1503",-120.1748071,35.2855559,1947-09-04
"1504",-120.1748071,35.2855559,1947-09-07
"1505",-122.1833,37.802201,1947-10-08
"1506",-121.2779653,35.6604228,1946-03-31
"1507",-121.075833,38.896667,1946-04-19
"1508",-122.2745498,37.3165947,1946-05-22
"1509",-121.1458855,36.5332251,1946-06-27
"1510",-121.1969701,36.4812459,1946-08-06
"1511",-122.277884,37.8708683,1945-04-17
"1512",-122.2460863,37.8723215,1945-04-15
"1513",-122.5155358,37.8290732,1945-06-02
"1514",-122.2410972,37.8723215,1945-07-30
"1515",-122.7148006,38.8168708,1945-07-29
"1516",-115.30667,30.78667,1945-07-08
"1517",-118.56,34.4442,1945-10-07
"1518",-120.608056,35.39,1945-12-11
"1519",-117.2598288,34.1865194,1944-02-01
"1520",-118.4406448,34.0699645,1944-03-17
"1521",-122.8129646,38.0637997,1944-05-21
"1522",-122.900597,38.1652458,1944-05-23
"1523",-122.1286561,37.8303784,1944-05-15
"1524",-122.7227614,38.0508977,1944-05-22
"1525",-122.198328,37.349439,1943-01-24
"1526",-122.1893652,37.4230509,1943-05-07
"1527",-122.7962471,38.0509891,1943-06-06
"1528",-122.272747,37.871593,1942-07-25
"1529",-121.91752,36.61957,1942-09-27
"1530",-122.201389,37.347222,1942-01-01
"1531",-117.1787205,39.0157672,1941-05-21
"1532",-122.8978086,38.1415953,1941-08-09
"1533",-122.2710241,37.1121504,1941-09-14
"1534",-122.277607,37.0946088,1941-09-14
"1535",-122.175,37.421944,1940-01-07
"1536",-122.4940439,37.7208128,1940-02-18
"1537",-119.6295853,34.4995641,1940-03-21
"1538",-121.7312735,37.8690668,1940-04-07
"1539",-121.734028,37.8277276,1940-04-07
"1540",-121.727545,37.8376785,1940-04-07
"1541",-119.81289,34.54223,1940-06-16
"1542",-122.5072709,38.2996552,1940-10-13
"1543",-122.61664,38.2730748,1940-10-13
"1544",-124.0644566,41.5632428,1940-11-11
"1545",-124.0276303,41.3482494,1940-11-15
"1546",-117.6706212,33.469987,1939-01-01
"1547",-118.3506456,34.3499573,1939-01-03
"1548",-121.7769868,37.885957,1939-02-19
"1549",-117.8567383,34.3544727,1939-04-05
"1550",-121.187222,36.4725,1939-04-15
"1551",-121.1841811,36.5073384,1939-04-15
"1552",-121.185642,36.488478,1939-04-15
"1553",-121.185428,36.477542,1939-04-15
"1554",-122.286033,37.9391,1939-04-01
"1555",-122.0679523,37.2512368,1939-04-08
"1556",-121.8469449,37.8524922,1939-05-14
"1557",-116.4405894,33.1000061,1939-05-23
"1558",-120.8305,39.209833,1939-06-29
"1559",-120.6622056,35.3251962,1939-06-19
"1560",-116.579722,32.3625,1939-06-14
"1561",-121.7836797,36.4299256,1939-08-22
"1562",-121.7177291,36.9945876,1939-08-05
"1563",-122.5130359,37.527483,1939-11-12
"1564",-122.5130359,37.527483,1939-11-12
"1565",-118.1906412,34.2799604,1938-02-27
"1566",-122.386108,37.598603,1938-07-01
"1567",-121.19515,36.48135,1938-07-24
"1568",-122.2674162,37.1255231,1938-08-08
"1569",-122.2674162,37.1255231,1938-08-08
"1570",-122.310122,37.477639,1938-08-21
"1571",-116.6057,33.0441,1938-08-03
"1572",-122.410233,37.5772,1938-12-23
"1573",-122.2739301,37.1105714,1937-03-31
"1574",-118.4427538,34.0710165,1937-04-01
"1575",-115.8538886,30.775083,1937-05-23
"1576",-117.68143,33.54234,1937-11-18
"1577",-118.3106456,34.4399551,1936-05-24
"1578",-122.3685102,37.4954589,1935-02-16
"1579",-122.8215725,38.0393181,1935-03-31
"1580",-122.804583,38.062967,1935-03-10
"1581",-116.780593,32.6400176,1935-04-20
"1582",-120.7851627,38.7192947,1935-05-21
"1583",-122.175,37.421944,1935-06-21
"1584",-122.3163,37.483539,1935-07-15
"1585",-121.9240985,37.6798473,1935-01-01
"1586",-117.2167564,34.3421434,1934-07-05
"1587",-116.64026,32.57223,1933-04-16
"1588",-118.2015423,34.3666579,1933-07-07
"1589",-121.806342,36.988562,1933-07-02
"1590",-122.6008038,39.3748069,1933-10-02
"1591",-117.28437,34.53513,1932-03-24
"1592",-117.58935,33.39153,1932-04-02
"1593",-117.31226,33.44728,1932-04-10
"1594",-122.7568626,38.0016655,1931-03-01
"1595",-122.270803,37.804372,1931-04-06
"1596",-122.2132974,37.7879906,1931-04-06
"1597",-122.214064,37.8326316,1931-04-16
"1598",-116.41446,32.66204,1931-04-05
"1599",-122.201056,37.843492,1931-05-10
"1600",-119.3050698,35.2416705,1931-06-13
"1601",-117.1806705,39.0151372,1931-07-04
"1602",-120.0215801,34.5942416,1931-09-01
"1603",-118.18332,34.10861,1930-03-22
"1604",-116.92957,32.88961,1930-03-09
"1605",-116.49199,32.77147,1930-04-14
"1606",-116.78142,32.64425,1930-04-14
"1607",-117.30944,34.52908,1930-04-17
"1608",-118.1662242,34.1336466,1930-07-18
"1609",-121.926944,36.536111,1930-07-06
"1610",-122.4997109,37.7122729,1930-10-08
"1611",-122.172144,37.423156,1930-01-01
"1612",-117.11292,33.0334,1929-05-20
"1613",-116.95754,33.28811,1929-05-29
"1614",-117.9767542,34.169157,1929-06-02
"1615",-116.9575,33.288056,1929-06-01
"1616",-121.69494,37.22692,1929-06-13
"1617",-122.855833,38.101111,1928-04-30
"1618",-116.43996,32.77196,1928-04-29
"1619",-116.4362835,33.1186355,1928-05-06
"1620",-116.8586966,33.0461789,1928-05-06
"1621",-122.175,37.421944,1928-07-26
"1622",-116.52923,32.82147,1928-07-06
"1623",-117.00401,33.31321,1928-08-04
"1624",-116.3568779,33.1374855,1927-05-09
"1625",-116.499361,32.715399,1927-07-17
"1626",-116.65646,32.96551,1926-05-15
"1627",-115.733333,30.966667,1925-03-04
"1628",-116.0175,30.719722,1925-03-18
"1629",-118.2700604,34.1216523,1925-04-24
"1630",-115.766667,30.866667,1925-04-15
"1631",-115.7373834,30.8199022,1925-04-24
"1632",-122.271625,37.871603,1925-08-29
"1633",-121.9960682,40.3130551,1924-06-05
"1634",-116.597778,33.199167,1924-06-28
"1635",-120.5113116,34.9129023,1923-04-10
"1636",-118.1606389,34.1199651,1923-04-07
"1637",-118.1806391,34.0999655,1923-04-07
"1638",-122.821022,38.0751484,1923-05-08
"1639",-116.57445,32.884067,1923-05-08
"1640",-116.721111,32.793611,1923-05-08
"1641",-122.2036876,37.818639,1923-06-25
"1642",-115.408167,30.895306,1923-06-10
